Article;Name;Has Photo
="001";"Обувь домашняя мужская";
="001-А";"Обувь летняя мужская пляжная, липучка, р.41-45";
="002";"Обувь домашняя женская";
="003-А";"Обувь летняя мужская пляжная,р.41-45";
="007";"Обувь мужская, Туфли купальные";v
="008АЗ";"Обувь домашняя мужская закрытый нос";
="008АЗ/1";"Обувь домашняя мужская закрытый нос, с кож. Вставкой";
="008АЗ(ЛМ)";"Обувь домашняя мужская закрытый нос";
="008АО";"Обувь домашняя мужская открытый нос";
="008АО (Л)";"Обувь домашняя мужская, р. 41-45";
="008АО (ТЭП/лип)";"Обувь домашняя мужская, р. 41-46";
="008З";"Обувь домашняя мужская закрытый нос";v
="008О";"Обувь домашняя мужская открытый нос";v
="009АБО";"Обувь домашняя женская (Бантик), открытый нос";
="009АЗ";"Обувь домашняя женская, закрытый нос";
="009АЗ (Л)";"Обувь домашняя женская, закрытый нос";
="009АО";"Обувь домашняя женская, открытый нос";
="009АО (ТЭП)";"Обувь домашняя женская, открытый нос";
="009АП";"Обувь домашняя женская (Пушок), открытый нос";
="009З";"Обувь домашняя женская, закрытый нос";v
="009О";"Обувь домашняя женская, открытый нос";v
="018";"Обувь детская, Туфли купальные";
="019";"Обувь детская, Туфли купальные";v
="020";"Обувь женская, Туфли купальные";v
="021";"Обувь женская, Туфли купальные";
="021/1";"Обувь женская, Туфли купальные";
="022";"Галоши мужские (сабо с ворсом)";v
="022/1";"Галоши мужские (сабо) без утеплителя";
="023";"Галоши женские (сабо с ворсом)";v
="023/1";"Галоши женские (сабо) без утеплителя";
="024";"Обувь детская, Туфли купальные";
="026";"Сапоги детские без утеплителя";v
="027";"Сапоги детские с утеплителем";v
="038Н";"Сапоги мужские силиконовые утепленные";v
="038НМ";"Сапоги мужские силиконовые утепленные с манжетом";v
="039н";"Сапоги мужские силиконовые утепленные";v
="042н";"Сапоги мужские силиконовые утепленные";v
="042нм";"Сапоги мужские силиконовые утепленные с манжетом";v
="043/1";"Галоши садовые мужские силиконовые";
="046/1";"Сапоги мужские ПВХ";
="046н";"Сапоги мужские ПВХ (утепленные)";v
="046НМ";"Сапоги мужские ПВХ утепленные с манжетом";v
="048";"Сапоги детские с утеплителем";v
="048/1";"Сапоги детские без утеплителя";
="050";"Обувь мужская, Туфли купальные";
="051";"Обувь мужская, Туфли купальные";
="053";"Обувь женская, Туфли купальные";
="061Н";"Сапоги женские силиконовые утепленные";v
="061НМ";"Сапоги женские силиконовые утепленные с манжетом";v
="064Н";"Сапоги женские ПВХ (утепленные)";v
="064НМ";"Сапоги женские утепленныем с манжетом";v
="065н";"Сапоги женские ПВХ (утепленные)";v
="065нм";"Сапоги женские утепленныем с манжетом";v
="066";"Сапоги женские, молния, оксфорд";v
="067Ж";"Галоши женские (не утепленные)";
="067Ж Люкс";"Галоши женские Люкс (не утепленные)";
="067м";"Галоши садовые мужские ";
="067м Люкс";"Галоши садовые Люкс мужские";
="069/1";"Галоши женскиесиликоновые";
="071";"Обувь мужская, Туфли купальные";v
="072";"Обувь мужская, Туфли купальные";v
="073";"Обувь мужская, Туфли купальные";v
="074";"Обувь мужская, Туфли купальные";
="075";"Обувь женская, Туфли купальные";
="076";"Обувь мужская, Туфли купальные";v
="077";"Обувь мужская, Туфли купальные";v
="080н";"Сапоги детские ПВХ (утепленные), р-р 24-29";v
="080нм";"Сапоги детские ПВХ с манжетом (утепленные), р-р 24-29";v
="081н";"Самоги детские, силиковновые р-р 24-29";v
="082н";"Самоги детские, силиковновые р-р 30-35";v
="082нм";"Самоги детские, силиковновые с манжетом р-р 30-35";v
="085н";"Сапоги ПВХ подростковые (утепленные)";v
="085нм";"Сапоги ПВХ подростковые с манжетом (утепленные)";v
="086н";"Сапоги детские ПВХ (утепленные), р-р 30-35";v
="094";"Ботинки женские, замок, оксфорд";v
="099";"Сапоги детские, липучка, сукно";
="100";"Сапоги детские, замок, оксфорд";v
="1001";"Обувь женская, Туфли купальные";
="1002";"Обувь детская, Туфли купальные";
="1003";"Обувь детская, Туфли купальные";
="1004";"Обувь детская, Туфли купальные";v
="1005";"Обувь детская, Туфли купальные мальчик";v
="1006";"Обувь детская, Туфли купальные девочка";v
="101";"Сапоги детские, замок+опушка, оксфорд";
="1010";"Обувь мужская, Туфли купальные";v
="102";"Сапоги детские, кулиса, оксфорд";v
="1020";"Обувь женская, Туфли купальные";v
="1021";"Обувь женская, Туфли купальные";v
="1022";"Обувь женская, Туфли купальные";v
="1023";"Обувь женская, Туфли купальные";v
="1024";"Обувь мужская, Туфли купальные";v
="1025";"Обувь мужская, Туфли купальные";v
="1026";"Обувь мужская, Туфли купальные";v
="1027";"Обувь женская, Туфли купальные";v
="1028";"Обувь женская, Туфли купальные";v
="1029";"Обувь женская, Туфли купальные";v
="1030";"Обувь мужская, Туфли купальные";v
="103";"Сапоги детские, липучка, оксфорд";v
="1031";"Обувь мужская, Туфли купальные";v
="1032";"Обувь мужская, Туфли купальные";
="1033";"Обувь женская, Туфли купальные (Кроксы)";v
="1034";"Обувь женская, Туфли купальные";v
="1035";"Обувь детская, Туфли купальные";v
="1036";"Обувь женская, Туфли купальные";v
="1037";"Обувь женская, Туфли купальные";v
="1038";"Обувь мужская, Туфли купальные";
="1043";"Обувь подростковая, Туфли купальные (Кроксы)";v
="1047";"Обувь мужская, Туфли купальные";
="112/1";"Сапоги мужские не утеплённые";
="112м";"Сапоги мужские утеплённые (мех)";v
="112н";"Сапоги мужские утеплённые (войлок)";v
="113/1";"Сапоги мужские с манжетом (не утепленные)";
="113м";"Сапоги мужские с манжетом утеплённые (мех)";v
="113н";"Сапоги мужские с манжетом утеплённые";v
="114";"Тапочки женские Жади";v
="114д";"Тапочки детские Жади";v
="116";"Галоши садовые мужские с надставкой утепленные";
="116М";"Галоши мужские с надставкой, мех";v
="116МН";"Галоши мужские с надставкой, флис";v
="117";"Галоши садовые женские с надставкой утепленные";
="117М";"Галоши женские с надставкой, кулиса, мех";v
="117МН";"Галоши женские с надставкой, кулиса, флис";v
="126";"Галоши садовые детские без утеплителя";v
="127";"Галоши садовые детские с утеплителем";v
="128";"Галоши садовые детские с надставкой";v
="129";"Галоши детские (сабо) Мальчик с утеплителем";v
="129/1";"Галоши детские (сабо) Мальчик";
="130";"Галоши детские (сабо) Девочка с утеплителем";v
="130/1";"Галоши детские (сабо) Девочка";
="137";"Обувь мужская, Туфли купальные";v
="139";"Обувь женская, Туфли купальные";
="140";"Обувь детская, Туфли купальные";v
="141";"Обувь мужская, Туфли купальные";v
="142";"Обувь женская, Туфли купальные";v
="144";"Обувь детская, Туфли купальные";
="145";"Обувь женская, Туфли купальные";v
="149";"Обувь мужская, Туфли купальные";v
="149У";"Обувь мужская, Туфли купальные";v
="149К";"Обувь мужская, Туфли купальные";
="153";"Обувь женская, Туфли купальные";
="155";"Обувь женская, Туфли купальные";
="156";"Обувь женская, Туфли купальные";
="157";"Обувь женская, Туфли купальные";v
="158";"Обувь женская, Туфли купальные";
="159";"Обувь женская, Туфли купальные (кроксы)";v
="159У";"Обувь женская, Туфли купальные (кроксы)";v
="159К";"Обувь женская, Туфли купальные (кроксы)";
="160";"Обувь детская, Туфли купальные (Кроксы)";v
="161";"Обувь женская, Туфли купальные";
="163";"Обувь детская, Туфли купальные";v
="164";"Обувь детская, Туфли купальные";v
="165";"Обувь детская, Туфли купальные";v
="169";"Обувь детская, Туфли купальные";
="170";"Галоши мужские (сабо с надставкой)";
="171";"Галоши женские (сабо с надставкой)";
="176";"Обувь женская, Туфли купальные";
="177";"Обувь мужская, Туфли купальные";v
="178";"Обувь мужская, Туфли купальные";
="179";"Обувь мужская, Туфли купальные";
="180";"Обувь женская, Туфли купальные";v
="183/1";"Сапоги женские (не утепленные)";
="183м";"Сапоги женские (утепленные с мехом)";
="183н";"Сапоги женские (утепленные)";
="184/1";"Сапоги мужские не утеплённые";
="184М";"Сапоги мужские утеплённые (мех)";v
="184Н";"Сапоги мужские утеплённые (нетканка)";v
="187м";"Сапоги мужские утеплённые с манжетом (мех)";v
="187н";"Сапоги мужские утеплённые с манжетом";v
="188";"Сапоги мужские, 2-е липучки, оксфорд, ТЭП";v
="189";"Сапоги женские, 2-е молнии, оксфорд";
="190";"Сапоги мужские, шнурок, оксфорд, ТЭП";v
="191м";"Сапоги женские утепленные с манжетом (мех)";
="191н";"Сапоги женские (утепленные) с манжетом";
="192";"Сапоги мужские, липучка, оксфорд, ТЭП";
="193";"Ботинки мужские, молния, оксфорд, ТЭП";
="194";"Сапоги мужские, оксфорд, ТЭП";
="195";"Сапоги мужские, липучка, сукно";
="197";"Сапоги мужские, 2-е липучки, сукно, ТЭП";
="198";"Сапоги мужские, шнурок, шнурок, ТЭП";v
="200";"Сапоги женские, липучка, сукно";
="2001";"Обувь мужская, Кроссовки";
="2002";"Обувь мужская, Кроссовки";
="2003";"Обувь мужская, Кроссовки";
="2004";"Обувь мужская, Кроссовки";
="2005";"Обувь мужская, Кроссовки";
="2006";"Обувь мужская, Кроссовки";
="2007";"Обувь мужская, Кроссовки";
="2008";"Обувь мужская, Кроссовки";
="2009";"Обувь мужская, Кроссовки";
="2010";"Обувь мужская, Кроссовки";
="2011";"Обувь женская, Кроссовки";
="2012";"Обувь женская, Кроссовки";
="2013";"Обувь женская, Кроссовки";
="2014";"Обувь женская, Кроссовки";
="2015";"Обувь женская, Кроссовки";
="2016";"Обувь женская, Кроссовки";
="2017";"Обувь женская, Кроссовки";
="2018";"Обувь женская, Кроссовки";
="2019";"Обувь женская, Кроссовки";
="202";"Сапоги женские, молния, сукно";
="2020";"Обувь женская, Кроссовки";
="2021";"Обувь женская, Кроссовки";
="2022";"Обувь женская, Кроссовки";
="2023";"Обувь женская, Кроссовки";
="2024";"Обувь женская, Кроссовки";
="2025";"Обувь женская, Кроссовки";
="205";"Сапоги мужские, аляска, с фастексами";v
="206";"Сапоги мужские, липучка, сукно, ТЭП";
="208";"Ботинки мужские, молния, сукно, ТЭП";
="209";"Сапоги мужские, шнурок, сукно";
="210";"Сапоги мужские, 2-е липучки, сукно";
="211";"Сапоги мужские, липучка, оксфорд, ТЭП";v
="212";"Сапоги мужские, 2-е липучки, оксфорд, нубук (ТЭП)";v
="213";"Сапоги мужские, 2-е молнии, оксфорд";
="220/1";"Сапоги мужские не утеплённые";
="220м";"Сапоги мужские утеплённые, мех";v
="220н";"Сапоги мужские утеплённые нетканное полотно";v
="221/1";"Сапоги женские не утеплённые";
="221н";"Сапоги женские утеплённые, мех";v
="221м";"Сапоги женские утеплённые нетканное полотно";v
="222";"Обувь мужская, Туфли купальные";v
="223";"Обувь мужская, Туфли купальные";
="224";"Обувь мужская, Туфли купальные";
="285";"Сапоги детские, замок+опушка, сукно";
="286";"Сапоги детские, кулиса, сукно";
="287";"Сапоги детские, замок, сукно";
="288";"Дутики женские";
="3022/1";"обувь мужская,сабо без утеплителя";
="3022м";"обувь мужская, сабо с утеплителем";v
="3023/1";"обувь женская, сабо без утеплителя";
="3023м";"обувь женская, сабо с утеплителем";v
="311м";"обувь женская, полуботинки утепленные";
="4022";"обувь мужская,сабо без утеплителя";v
="5023";"Обувь женская, Сабо без утеплителя (ремешок)";
="5023м";"Обувь женская, Сабо утепленные (ремешок)";
="412м";"Обувь мужская, сапоги утепленные";v
="412н";"Обувь мужская, сапоги утепленные";v
="413м";"Обувь мужская, Сапоги утепленные, с манжетом";v
="413н";"Обувь мужская, сапоги утепленные";v
="464";"Обувь женская, Туфли купальные";
="465";"Обувь мужская, Туфли купальные";
="550";"Обувь домашняя мужская, в индивидуальной упаковке";
="551";"Обувь домашняя женская, в индивидуальной упаковке";
="600";"Обувь мужская, Туфли купальные";
="601";"Обувь мужская, Туфли купальные";
="602";"Обувь мужская, Туфли купальные";
="603";"Обувь мужская, Туфли купальные";
="604";"Обувь женская, Туфли купальные";
="605";"Обувь женская, Туфли купальные";
="607";"Обувь мужская, Туфли купальные";
="608";"Обувь женская, Туфли купальные";
="610";"Обувь женская, Туфли купальные";
="611";"Обувь женская, Туфли купальные";
="612";"Обувь женская, Туфли купальные";
="613";"Обувь женская, Туфли купальные";
="614";"Обувь женская, Туфли купальные";
="615";"Обувь детская, Туфли купальные";
="616";"Обувь детская, Туфли купальные";
="617";"Обувь детская, Туфли купальные";
="618";"Обувь детская, Туфли купальные";
="619";"Обувь женская, Туфли купальные";
="620";"Обувь женская, Туфли купальные";
="621";"Обувь женская, Туфли купальные";
="622";"Обувь женская, Туфли купальные";
="623";"Обувь женская, Туфли купальные";
="650";"Обувь женская, Туфли купальные";v
="651";"Обувь женская, Туфли купальные";v
="651Б";"Обувь женская, Туфли купальные";
="652";"Обувь женская, Туфли купальные";v
="653";"Обувь женская, Туфли купальные";
="655";"Обувь детская, Туфли купальные";v
="657";"Обувь мужская, Туфли купальные";v
="659";"Обувь мужская, Туфли купальные";
="660";"Обувь мужская, Туфли купальные";
="662";"Обувь детская, Туфли купальные";
="663";"Обувь детская, Туфли купальные";v
="664";"Обувь детская, Туфли купальные";v
="702";"Обувь мужская, Туфли купальные (Кроксы)";v
="703";"Обувь мужская, Туфли купальные (Кроксы)";v
="704";"Обувь мужская, Туфли купальные (Кроксы)";v
="705";"Обувь мужская, Туфли купальные (Кроксы)";v
="751";"Обувь женская, Туфли купальные (Кроксы)";v
="752";"Обувь женская, Туфли купальные (Кроксы)";v
="753";"Обувь женская, Туфли купальные (Кроксы)";v
="770";"Обувь детская, Туфли купальные (Кроксы)";v
="771";"Обувь детская, Туфли купальные (Кроксы)";v
="772";"Обувь детская, Туфли купальные (Кроксы)";v
="849";"Обувь мужская, Туфли купальные (кроксы)";v
="859";"Обувь женская, Туфли купальные (кроксы)";v
="8888L";"Обувь женская, Туфли купальные (Китай)";
="8888M";"Обувь мужская, Туфли купальные (Китай)";
="901";"Галоши садовые женские утепленные";v
="901/1";"Галоши садовые женские голые";
="901М";"Галоши садовые женские утепленные (мех)";v
="90-1";"Обувь женская, огурцы";
="90-11";"Обувь женская (блеск)";
="902";"Галоши садовые женские утепленные";v
="902/1";"Галоши садовые женские голые";
="90-2";"Обувь женская, горошек";
="903";"Галоши садовые женские утепленные";v
="903/1";"Галоши садовые женские голые";
="903МО";"Галоши садовые женские утепленные (мех) (опушка)";v
="903М";"Галоши садовые женские утепленные (мех)";v
="90-3";"Обувь женская, корона";
="904";"Галоши садовые детские утепленные";
="904/1";"Галоши садовые детские голые";
="90-4";"Обувь женская, бабочка";
="905";"Галоши садовые мужские утепленные";v
="905/1";"Галоши садовые мужские голые";
="905М";"Галоши садовые мужские утепленные (мех)";v
="90-5";"Обувь женская, бантик";
="906";"Галоши садовые женские утепленные";v
="906/1";"Галоши садовые женские голые";
="906М";"Галоши садовые женские утепленные (мех)";v
="90-6";"Обувь женская, лист";
="907";"Галоши садовые мужские утепленные";v
="907/1";"Галоши садовые мужские голые";
="907М";"Галоши садовые мужские утепленные";v
="90-7";"Обувь женская, огурцы (открытые)";
="907-11А";"Обувь мужская, Туфли купальные";v
="907-21";"Обувь женская, Туфли купальные";v
="907-22";"Обувь женская, Туфли купальные";
="907-27";"Обувь женская, Туфли купальные";
="907-29";"Обувь женская, Туфли купальные";
="907-30";"Обувь женская, Туфли купальные";
="907-31";"Обувь женская, Туфли купальные";
="907-32";"Обувь женская, Туфли купальные";
="907-33";"Обувь женская, Туфли купальные";
="907-35";"Обувь мужская, Туфли купальные";
="907-36";"Обувь мужская, Туфли купальные";
="907-37";"Обувь мужская, Туфли купальные";
="907-38";"Обувь мужская, Туфли купальные";
="907-39";"Обувь мужская, Туфли купальные";v
="907-3А";"Обувь женская, Туфли купальные";
="907-40";"Обувь мужская, Туфли купальные";
="907-41";"Обувь мужская, Туфли купальные";
="907-42";"Обувь мужская, Туфли купальные";
="907-4А";"Обувь женская, Туфли купальные";v
="907-8А";"Обувь мужская, Туфли купальные";v
="908";"Галоши садовые женские утепленные";v
="90-8";"Обувь женская, сердце";
="90-13";"Обувь женская";v
="90-14";"Обувь женская";v
="90-15";"Обувь женская";v
="908м";"Галоши садовые женские утепленные (мех)";v
="909/1";"Галоши садовые мужские голые";
="909";"Галоши садовые мужские утепленные";v
="90-9";"Обувь женская, роза";
="909м";"Галоши садовые мужские утепленные (мех)";v
="910";"Сапоги мужские, липучка, оксфорд";v
="911";"Ботинки мужские, молния, оксфорд";v
="91-1";"Обувь женская, огурцы резинка";
="91-2";"Обувь женская, огурцы зигзаг";
="913";"Сапоги мужские, шнурок, оксфорд";v
="91-3";"Обувь женская";
="914";"Сапоги мужские, оксфорд";
="91-4";"Обувь женская";
="915";"Сапоги мужские, 2-е липучки, оксфорд";v
="91-5";"Обувь женская";
="91-6";"Обувь женская";
="91-7";"Обувь женская";
="918";"Сапоги мужские, шнурок+карман, оксфорд";v
="919";"Сапоги мужские, шнурок, оксфорд";v
="920";"Сапоги женские, шнурок, серебро";
="921";"Сапоги мужские, замок, оксфорд";v
="922";"Сабо мужские, утепленные";
="922м";"Сабо мужские, утепленные (мех)";
="923";"Сабо женские, утепленные";
="923м";"Сабо женские, утепленные (мех)";
="925";"Галоши женские, утепленные";
="925м";"Галоши женские, утепленные (мех)";
="92-1";"Обувь женская, бант";
="92-2";"Обувь женская, карман";
="92-3";"Обувь женская, принт";
="92-4";"Обувь женская, рванка";
="92-5";"Обувь женская, блеск";
="92-6";"Обувь женская, джинс";
="93-1";"Обувь мужская";
="93-2";"Обувь мужская";
="93-3";"Обувь мужская";
="944";"Галоши мужские, утепленные";
="944м";"Галоши мужские, утепленные (мех)";
="AL-001";"Обувь домашняя женская, закрытый нос";
="AL-002";"Обувь домашняя женская, закрытый нос";
="AL-003";"Обувь домашняя мужская, закрытый нос";
="AL-004";"Обувь домашняя женская, открытый нос";
="AL-005";"Обувь домашняя мужская, открытый нос";
="AL-006";"Обувь домашняя мужская, открытый нос";
="AL-11";"Обувь домашняя женская, закрытый нос";
="AL-12";"Обувь домашняя женская, закрытый нос";
="AL-13";"Обувь домашняя женская, открытый нос";
="AL-14";"Обувь домашняя женская, закрытый нос";
="AL-15";"Обувь домашняя женская, закрытый нос";
="AL-16";"Обувь домашняя женская, открытый нос";
="AL-17";"Обувь домашняя женская, открытый нос";
="AL-70";"Обувь домашняя мужская, открытый нос";
="AL-71";"Обувь домашняя мужская, открытый нос";
="AL-72";"Обувь домашняя мужская, закрытый нос";
="AL-73";"Обувь домашняя мужская, закрытый нос";
="AL-74";"Обувь домашняя мужская, открытый нос";
="AL-75";"Обувь домашняя мужская, закрытый нос";
="AL-76";"Обувь домашняя мужская, закрытый нос";
="С-0601";"Обувь женская, Туфли купальные (Китай)";
="GX-0858";"Обувь женская, Туфли купальные (Китай)";
="М-24003";"Обувь мужская, Туфли купальные (Китай)";
="М-24004";"Обувь мужская, Туфли купальные (Китай)";
="М-24009";"Обувь мужская, Туфли купальные (Китай)";
="М-24012";"Обувь мужская, Туфли купальные (Китай)";
="ML-01";"Обувь мужская, туфли купальные";
="ML-02";"Обувь мужская, туфли купальные";
="ML-03";"Обувь мужская, туфли купальные";
="ML-04";"Обувь мужская, туфли купальные";
="ML-05";"Обувь мужская, туфли купальные";
="ML-06";"Обувь мужская, туфли купальные";
="ML-07";"Обувь женская, туфли купальные";
="ML-08";"Обувь женская, туфли купальные";
="ML-09";"Обувь мужская, туфли купальные";
="ML-10";"Обувь женская, туфли купальные";
="ML-11";"Обувь женская, туфли купальные";
="ML-12";"Обувь мужская, туфли купальные";
="ML-13";"Обувь мужская, туфли купальные";
="ML-14";"Обувь мужская, туфли купальные";
="MV-1000";"Обувь летняя мужская, Полиуретан";
="MV-1001";"Обувь летняя мужская, Полиуретан";
="MV-1001-1";"Обувь летняя мужская, Полиуретан";
="MV-1002";"Обувь летняя мужская, Полиуретан";v
="MV-1003";"Обувь летняя мужская, Полиуретан";v
="MV-1004";"Обувь летняя мужская, Полиуретан";v
="MV-1005";"Обувь летняя мужская, Полиуретан";v
="MV-1006";"Обувь летняя мужская, Полиуретан";v
="MV-1006-1";"Обувь летняя мужская, Полиуретан";
="MV-1007";"Обувь летняя мужская, Полиуретан";v
="MV-1007-1";"Обувь летняя мужская, Полиуретан";
="MV-1008";"Обувь летняя мужская, Полиуретан";
="MV-1009";"Обувь летняя мужская, Полиуретан";
="MV-1010";"Обувь летняя мужская, Полиуретан";
="MV-1011";"Обувь летняя мужская, Полиуретан";v
="MV-1011-1";"Обувь летняя мужская, Полиуретан";
="MV-550-102";"Обувь летняя мужская, Полиуретан";
="MV-550-102-1";"Обувь летняя мужская, Полиуретан";
="MV-550-80";"Обувь летняя мужская, Полиуретан";v
="ZV-150-32";"Обувь летняя женская, Полиуретан";
="ZV-2005";"Обувь летняя женская, Полиуретан";
="ZV-2005-1";"Обувь летняя женская, Полиуретан";
="ZV-2007";"Обувь летняя женская, Полиуретан";
="ZV-2007-1";"Обувь летняя женская, Полиуретан";
="ZV-2053";"Обувь летняя женская, Полиуретан";
="ZV-2053-1";"Обувь летняя женская, Полиуретан";
="ZV-2053-2";"Обувь летняя женская, Полиуретан";
="ZV-2054";"Обувь летняя женская, Полиуретан";
="ZV-2054-1";"Обувь летняя женская, Полиуретан";
="ZV-2054-2";"Обувь летняя женская, Полиуретан";
="ZV-2059";"Обувь летняя женская, Полиуретан";
="ZV-2059-1";"Обувь летняя женская, Полиуретан";
="ZV-280-29";"Обувь летняя женская, Полиуретан";
="ZV-3002";"Обувь летняя женская, Полиуретан";
="ZV-3002-1";"Обувь летняя женская, Полиуретан";
="ZV-3002-2";"Обувь летняя женская, Полиуретан";
="ZV-3002-3";"Обувь летняя женская, Полиуретан";
="ZV-3012";"Обувь летняя женская, Полиуретан";
="ZV-3012-1";"Обувь летняя женская, Полиуретан";
="ZV-3012-2";"Обувь летняя женская, Полиуретан";
="ZV-4075";"Обувь летняя женская, Полиуретан";
="ZV-4075-1";"Обувь летняя женская, Полиуретан";
="ZV-4075-2";"Обувь летняя женская, Полиуретан";
="ZV-500";"Обувь летняя женская, Полиуретан";
="ZV-500-1";"Обувь летняя женская, Полиуретан";
="ZV-501";"Обувь летняя женская, Полиуретан";
="ZV-501-1";"Обувь летняя женская, Полиуретан";
="ZV-502";"Обувь летняя женская, Полиуретан";
="ZV-503";"Обувь летняя женская, Полиуретан";
="ZV-504";"Обувь летняя женская, Полиуретан";
="ZV-505";"Обувь летняя женская, Полиуретан";
="ZV-506";"Обувь летняя женская, Полиуретан";
="ZV-507";"Обувь летняя женская, Полиуретан";
="ZV-508";"Обувь летняя женская, Полиуретан";
="ZV-509";"Обувь летняя женская, Полиуретан";
="ZV-510";"Обувь летняя женская, Полиуретан";
="ZV-511";"Обувь летняя женская, Полиуретан";
="ZV-512";"Обувь летняя женская, Полиуретан";
="ZV-513";"Обувь летняя женская, Полиуретан";
="ZV-514";"Обувь летняя женская, Полиуретан";
="ZV-515";"Обувь летняя женская, Полиуретан";
="ZV-516";"Обувь летняя женская, Полиуретан";
="ZV-517";"Обувь летняя женская, Полиуретан";
="ZV-518";"Обувь летняя женская, Полиуретан";
="ZV-519";"Обувь летняя женская, Полиуретан";
="ZV-519-1";"Обувь летняя женская, Полиуретан";
="ZV-520";"Обувь летняя женская, Полиуретан";
="ZV-520-1";"Обувь летняя женская, Полиуретан";
="ZV-521";"Обувь летняя женская, Полиуретан";
="ZV-524";"Обувь летняя женская, Полиуретан";v
="ZV-525";"Обувь летняя женская, Полиуретан";
="ZV-527";"Обувь летняя женская, Полиуретан";v
="А-100м";"Обувь мужская, Сапоги утепленные, мех";v
="А-100мм";"Обувь мужская, Сапоги утепленные, мех с манжетом";v
="А-100н";"Обувь мужская, Сапоги утепленные, полотно нетканое";v
="А-100нм";"Обувь мужская, Сапоги утепленные, полотно нетканое с манжетом";
="АВ-006";"Обувь мужская, Аляска сукно";
="АВ-033";"Ботинки мужские, липучка, оксфорд";v
="АВ-033Н";"Полусапожки мужские утепленные, полотно нетканое";v
="АВ-036";"Полусапожки мужские со шнурком";v
="АВ-036Н";"Полусапожки мужские утепленные, полотно нетканое";v
="АВ-040";"Полусапожки женские на липучке, мех";v
="АВ-040Н";"Полусапожки женские на липучке утепленные, флис";v
="АВ-041";"Полусапожки женские со шнурком, мех";v
="АВ-041Н";"Полусапожки женские утепленные, флис";v
="АВ-100м";"Обувь мужская, Сапоги утепленные, мех";
="АВ-100мм";"Обувь мужская, Сапоги утепленные, мех с манжетом";
="АВ-100н";"Обувь мужская, Сапоги утепленные, полотно нетканое";
="АВ-100нм";"Обувь мужская, Сапоги утепленные, полотно нетканое с манжетом";
="АВ-300";"Обувь мужская, Сапоги утепленные, мех";v
="АВ-300Н";"Обувь мужская, Сапоги утепленные, полотно нетканое";v
="АВ-310";"Обувь женская, Сапоги утепленные, полотно нетканое";v
="Ар-044";"Галоши садовые мужские утепленные";
="Ар-044С";"Галоши садовые мужские утепленные";
="Ар-044Ч";"Галоши садовые мужские утепленные";
="АТ-01";"Ботинки женские, липучка, оксфорд";v
="АТ-01Н";"Ботинки женские, липучка, оксфорд";v
="АТ-02";"Ботинки женские, липучка, оксфорд";
="АТ-038";"Сапоги женские, замок+кулиса, оксфорд";v
="АТ-038Н";"Сапоги женские, замок+кулиса, оксфорд";v
="Бел10-01";"Обувь женская";
="Бел10-02";"Обувь женская";v
="Бел10-03";"Обувь женская";
="Бел10-04";"Обувь женская";
="Бел10-05";"Обувь женская";
="Бел10-06";"Обувь женская";
="Бел10-07";"Обувь женская";
="Бел10-08";"Обувь женская";
="Бел10-09";"Обувь женская";
="Бел10-10";"Обувь женская";
="Бел11-01";"Обувь женская";
="Бел11-02";"Обувь женская";
="Бел11-03";"Обувь женская";v
="Бел11-04";"Обувь женская";
="Бел11-05";"Обувь женская";
="Бел11-06";"Обувь женская";
="Бел11-07";"Обувь женская";
="Бел11-08";"Обувь женская";
="Бел11-09";"Обувь женская";
="Бел11-10";"Обувь женская";
="Бел12-01";"Обувь женская";
="Бел12-02";"Обувь женская";
="Бел12-03";"Обувь женская";
="Бел12-04";"Обувь женская";
="Бел12-05";"Обувь женская";
="Бел12-06";"Обувь женская";
="Бел12-07";"Обувь женская";
="Бел12-08";"Обувь женская";
="Бел12-09";"Обувь женская";
="Бел12-10";"Обувь женская";
="Бел13-01";"Обувь женская";
="Бел13-02";"Обувь женская";
="Бел13-03";"Обувь женская";
="Бел13-04";"Обувь женская";
="Бел13-05";"Обувь женская";
="Бел13-06";"Обувь женская";
="Бел13-07";"Обувь женская";
="Бел13-08";"Обувь женская";
="Бел13-09";"Обувь женская";
="Бел13-10";"Обувь женская";
="Бел14-01";"Обувь женская";
="Бел14-02";"Обувь женская";v
="Бел14-03";"Обувь женская";
="Бел14-04";"Обувь женская";
="Бел14-05";"Обувь женская";
="Бел14-06";"Обувь женская";
="Бел14-07";"Обувь женская";
="Бел14-08";"Обувь женская";
="Бел14-09";"Обувь женская";
="Бел14-10";"Обувь женская";
="Бел15-01";"Обувь женская";v
="Бел15-02";"Обувь женская";v
="Бел15-03";"Обувь женская";
="Бел15-04";"Обувь женская";
="Бел15-05";"Обувь женская";
="Бел15-06";"Обувь женская";
="Бел15-07";"Обувь женская";
="Бел15-08";"Обувь женская";
="Бел15-09";"Обувь женская";
="Бел15-10";"Обувь женская";
="Бел55-01";"Обувь мужская";v
="Бел55-02";"Обувь мужская";v
="Бел55-03";"Обувь мужская";v
="Бел56-01";"Обувь мужская";v
="Бел56-02";"Обувь мужская";v
="Бел56-03";"Обувь мужская";v
="Бел57-01";"Обувь мужская";v
="Бел57-02";"Обувь мужская";v
="Бел57-03";"Обувь мужская";v
="Бел58-01";"Обувь мужская";v
="Бел58-02";"Обувь мужская";v
="Бел58-03";"Обувь мужская";v
="М-92-1";"Обувь женская, медицина";
="М-92-2";"Обувь женская, медицина Ромашка";
="М-92-3";"Обувь женская, медицина (Зигзаг)";
="М-92-4";"Обувь женская, медицина (Закрытый нос)";
="М-93-1";"Обувь мужская, медицина (Закрытый нос)";
="РБ-0101";"Обувь мужская, берцы на шнурках, с металическим подноском, верх- натуральная кожа, подкладка - сетка 3D, подошва-ТПУ ( МБС)";
="РБ-0101-к";"Обувь мужская, берцы на шнурках, с композитным подноском, верх- натуральная кожа, подкладка - сетка 3D, подошва-ТПУ ( МБС)";
="РБ-0101м";"Обувь мужская, берцы на шнурках, с металическим подноском, с мехом верх- натуральная кожа, подкладка - сетка 3D, подошва-ТПУ ( МБС)";
="РБ-0201";"Обувь мужская, ботинки с металическим подноском, верх-натуральная кожа подкладка - сетка 3D, подошва-ТПУ ( МБС)";
="РБ-0202";"Обувь мужская, ботинки с металическим подноском, верх- натуральный спилок, подкладка- сетка 3D подошва -ТПУ ( МБС)";
="РБ-0203";"Обувь мужская, ботинки с металическим подноском, верх- натуральный спилок, подкладка- сетка 3D подошва -ТПУ ( МБС)";
="РБ-0204";"Обувь мужская, ботинки с металическим подноском, верх- натуральный спилок, подкладка- сетка 3D подошва -ТПУ ( МБС)";
="РБ-0301";"Обувь мужская, ботинки с металическим подноском, верх- натуральная кожа, подкладка- сетка 3D подошва -ТПУ ( МБС)";
="РБ-0302";"Обувь мужская, ботинки с металическим подноском,верх- натуральный спилок,подкладка- сетка 3D подошва -ТПУ ( МБС)";
="РБ-0304";"Обувь мужская, ботинки с металическим подноском, верх- натуральный спилок, подкладка- сетка 3D подошва -ТПУ ( МБС)";
="РБ-0401";"Обувь мужская, полуботинки на шнурках,с металлическим подноском, верх-натуральная кожа, подкладка-сетка 3D подошва ТПУ (МБС)";
="РБ-0501";"Обувь мужская, полуботинки на шнурках,с металлическим подноском, верх-натуральная кожа, подкладка-сетка 3D подошва ТПУ (МБС)";
="РБ-0502";"Обувь мужская, полуботинки на шнурках,с металлическим подноском, верх-натуральная кожа, подкладка-сетка 3D подошва ТПУ (МБС)";
="РБ-0503";"Обувь мужская, полуботинки на шнурках,с металлическим подноском, верх-натуральная кожа, подкладка-сетка 3D подошва ТПУ (МБС)";
="РБ-0504";"Обувь мужская, полуботинки на шнурках,с металлическим подноском, верх-натуральная кожа, подкладка-сетка 3D подошва ТПУ (МБС)";
="РБ-0505";"Обувь мужская, полуботинки на шнурках,с металлическим подноском, верх-натуральный спиок, подкладка-сетка 3D подошва ТПУ (МБС)";
="РБ-0601к";"Обувь мужская ,берцы с композитным подноском, верх- эко-кожа , подкладка-сетка 3D подошва ТПУ (МБС)";
="РБ-0701к";"Обувь мужская, полуботинки на шнурках,с композитным подноском, верх-эко-кожа, подкладка-сетка 3D подошва ТПУ (МБС)";
="С-044";"Галоши садовые мужские утепленные";v
="С-044м";"Галоши садовые мужские утепленные";v
="Ф-001";"Сапоги детские ПВХ, утепленные";
="Ф-002";"Сапоги детские ПВХ, утепленные";
="Ф-003";"Сапоги детские ПВХ, не утепленные";
="Ф-004";"Сапоги детские ПВХ, не утепленные";
="Ф-005";"Сапоги женские ПВХ не утепленные";
="Ф-006";"Сапоги детские ПВХ, утепленные с манжетом";
="Ф-007";"Сапоги детские ПВХ, не утепленные с манжетом";
="Ф-008";"Сапоги малодетские ПВХ, не утепленные с манжетом";
